"Insulation","Temperature","Num_Occupants","Avg_Age","Home_Size","Prediksi_Heating_Oil"
6,74,4,23.8,4,149.4560303123
10,43,4,56.7,4,254.401206599355
3,81,2,28,6,148.527360595421
9,50,4,45.1,3,219.011217466504
