Insulation,Temperature,Num_Occupants,Avg_Age,Home_Size,Predicted_Heating_Oil
6,74,4,23.8,4,149.45603031229965
10,43,4,56.7,4,254.40120659935516
3,81,2,28,6,148.52736059542062
9,50,4,45.1,3,219.01121746650418
